{
  "departments": [
    {
      "name": "ANTIOQUIA",
      "cities": [
        "ABEJORRAL",
        "ABRIAQUÍ",
        "ALEJANDRÍA",
        "AMAGÁ",
        "AMALFI",
        "ANDES",
        "ANGELÓPOLIS",
        "ANGOSTURA",
        "ANORÍ",
        "ANZÁ",
        "APARTADÓ",
        "ARBOLETES",
        "ARGELIA",
        "ARMENIA",
        "BARBOSA",
        "BELLO",
        "BELMIRA",
        "BETANIA",
        "BETULIA",
        "BRICEÑO",
        "BURITICÁ",
        "CAICEDO",
        "CALDAS",
        "CAMPAMENTO",
        "CARACOLÍ",
        "CARAMANTA",
        "CAREPA",
        "CAROLINA",
        "CAUCASIA",
        "CAÑASGORDAS",
        "CHIGORODÓ",
        "CISNEROS",
        "CIUDAD BOLÍVAR",
        "COCORNÁ",
        "CONCEPCIÓN",
        "CONCORDIA",
        "COPACABANA",
        "CÁCERES",
        "DABEIBA",
        "DONMATÍAS",
        "EBÉJICO",
        "EL BAGRE",
        "EL CARMEN DE VIBORAL",
        "EL SANTUARIO",
        "ENTRERRÍOS",
        "ENVIGADO",
        "FREDONIA",
        "FRONTINO",
        "GIRALDO",
        "GIRARDOTA",
        "GRANADA",
        "GUADALUPE",
        "GUARNE",
        "GUATAPÉ",
        "GÓMEZ PLATA",
        "HELICONIA",
        "HISPANIA",
        "ITAGÜÍ",
        "ITUANGO",
        "JARDÍN",
        "JERICÓ",
        "LA CEJA",
        "LA ESTRELLA",
        "LA PINTADA",
        "LA UNIÓN",
        "LIBORINA",
        "MACEO",
        "MARINILLA",
        "MEDELLÍN",
        "MONTEBELLO",
        "MURINDÓ",
        "MUTATÁ",
        "NARIÑO",
        "NECHÍ",
        "NECOCLÍ",
        "OLAYA",
        "PEQUE",
        "PEÑOL",
        "PUEBLORRICO",
        "PUERTO BERRÍO",
        "PUERTO NARE",
        "PUERTO TRIUNFO",
        "REMEDIOS",
        "RETIRO",
        "RIONEGRO",
        "SABANALARGA",
        "SABANETA",
        "SALGAR",
        "SAN ANDRÉS DE CUERQUÍA",
        "SAN CARLOS",
        "SAN FRANCISCO",
        "SAN JERÓNIMO",
        "SAN JOSÉ DE LA MONTAÑA",
        "SAN JUAN DE URABÁ",
        "SAN LUIS",
        "SAN PEDRO DE LOS MILAGROS",
        "SAN PEDRO DE URABÁ",
        "SAN RAFAEL",
        "SAN ROQUE",
        "SAN VICENTE FERRER",
        "SANTA BÁRBARA",
        "SANTA FÉ DE ANTIOQUIA",
        "SANTA ROSA DE OSOS",
        "SANTO DOMINGO",
        "SEGOVIA",
        "SONSÓN",
        "SOPETRÁN",
        "TARAZÁ",
        "TARSO",
        "TITIRIBÍ",
        "TOLEDO",
        "TURBO",
        "TÁMESIS",
        "URAMITA",
        "URRAO",
        "VALDIVIA",
        "VALPARAÍSO",
        "VEGACHÍ",
        "VENECIA",
        "VIGÍA DEL FUERTE",
        "YALÍ",
        "YARUMAL",
        "YOLOMBÓ",
        "YONDÓ",
        "ZARAGOZA"
      ]
    },
    {
      "name": "ATLÁNTICO",
      "cities": [
        "BARANOA",
        "BARRANQUILLA",
        "CAMPO DE LA CRUZ",
        "CANDELARIA",
        "GALAPA",
        "JUAN DE ACOSTA",
        "LURUACO",
        "MALAMBO",
        "MANATÍ",
        "PALMAR DE VARELA",
        "PIOJÓ",
        "POLONUEVO",
        "PONEDERA",
        "PUERTO COLOMBIA",
        "REPELÓN",
        "SABANAGRANDE",
        "SABANALARGA",
        "SANTA LUCÍA",
        "SANTO TOMÁS",
        "SOLEDAD",
        "SUAN",
        "TUBARÁ",
        "USIACURÍ"
      ]
    },
    {
      "name": "BOGOTÁ, D.C.",
      "cities": [
        "BOGOTÁ, D.C."
      ]
    },
    {
      "name": "BOLÍVAR",
      "cities": [
        "ACHÍ",
        "ALTOS DEL ROSARIO",
        "ARENAL",
        "ARJONA",
        "ARROYOHONDO",
        "BARRANCO DE LOBA",
        "CALAMAR",
        "CANTAGALLO",
        "CARTAGENA DE INDIAS",
        "CICUCO",
        "CLEMENCIA",
        "CÓRDOBA",
        "EL CARMEN DE BOLÍVAR",
        "EL GUAMO",
        "EL PEÑÓN",
        "HATILLO DE LOBA",
        "MAGANGUÉ",
        "MAHATES",
        "MARGARITA",
        "MARÍA LA BAJA",
        "MONTECRISTO",
        "MORALES",
        "NOROSÍ",
        "PINILLOS",
        "REGIDOR",
        "RÍO VIEJO",
        "SAN CRISTÓBAL",
        "SAN ESTANISLAO",
        "SAN FERNANDO",
        "SAN JACINTO",
        "SAN JACINTO DEL CAUCA",
        "SAN JUAN NEPOMUCENO",
        "SAN MARTÍN DE LOBA",
        "SAN PABLO",
        "SANTA CATALINA",
        "SANTA CRUZ DE MOMPOX",
        "SANTA ROSA",
        "SANTA ROSA DEL SUR",
        "SIMITÍ",
        "SOPLAVIENTO",
        "TALAIGUA NUEVO",
        "TIQUISIO",
        "TURBACO",
        "TURBANA",
        "VILLANUEVA",
        "ZAMBRANO"
      ]
    },
    {
      "name": "BOYACÁ",
      "cities": [
        "ALMEIDA",
        "AQUITANIA",
        "ARCABUCO",
        "BELÉN",
        "BERBEO",
        "BETÉITIVA",
        "BOAVITA",
        "BOYACÁ",
        "BRICEÑO",
        "BUENAVISTA",
        "BUSBANZÁ",
        "CALDAS",
        "CAMPOHERMOSO",
        "CERINZA",
        "CHINAVITA",
        "CHIQUINQUIRÁ",
        "CHISCAS",
        "CHITA",
        "CHITARAQUE",
        "CHIVATÁ",
        "CHIVOR",
        "CHÍQUIZA",
        "CIÉNEGA",
        "COPER",
        "CORRALES",
        "COVARACHÍA",
        "CUBARÁ",
        "CUCAITA",
        "CUÍTIVA",
        "CÓMBITA",
        "DUITAMA",
        "EL COCUY",
        "EL ESPINO",
        "FIRAVITOBA",
        "FLORESTA",
        "GACHANTIVÁ",
        "GARAGOA",
        "GUACAMAYAS",
        "GUATEQUE",
        "GUAYATÁ",
        "GÁMEZA",
        "GÜICÁN DE LA SIERRA",
        "IZA",
        "JENESANO",
        "JERICÓ",
        "LA CAPILLA",
        "LA UVITA",
        "LA VICTORIA",
        "LABRANZAGRANDE",
        "MACANAL",
        "MARIPÍ",
        "MIRAFLORES",
        "MONGUA",
        "MONGUÍ",
        "MONIQUIRÁ",
        "MOTAVITA",
        "MUZO",
        "NOBSA",
        "NUEVO COLÓN",
        "OICATÁ",
        "OTANCHE",
        "PACHAVITA",
        "PAIPA",
        "PAJARITO",
        "PANQUEBA",
        "PAUNA",
        "PAYA",
        "PAZ DE RÍO",
        "PESCA",
        "PISBA",
        "PUERTO BOYACÁ",
        "PÁEZ",
        "QUÍPAMA",
        "RAMIRIQUÍ",
        "RONDÓN",
        "RÁQUIRA",
        "SABOYÁ",
        "SAMACÁ",
        "SAN EDUARDO",
        "SAN JOSÉ DE PARE",
        "SAN LUIS DE GACENO",
        "SAN MATEO",
        "SAN MIGUEL DE SEMA",
        "SAN PABLO DE BORBUR",
        "SANTA MARÍA",
        "SANTA ROSA DE VITERBO",
        "SANTA SOFÍA",
        "SANTANA",
        "SATIVANORTE",
        "SATIVASUR",
        "SIACHOQUE",
        "SOATÁ",
        "SOCHA",
        "SOCOTÁ",
        "SOGAMOSO",
        "SOMONDOCO",
        "SORA",
        "SORACÁ",
        "SOTAQUIRÁ",
        "SUSACÓN",
        "SUTAMARCHÁN",
        "SUTATENZA",
        "SÁCHICA",
        "TASCO",
        "TENZA",
        "TIBANÁ",
        "TIBASOSA",
        "TINJACÁ",
        "TIPACOQUE",
        "TOCA",
        "TOGÜÍ",
        "TOTA",
        "TUNJA",
        "TUNUNGUÁ",
        "TURMEQUÉ",
        "TUTA",
        "TUTAZÁ",
        "TÓPAGA",
        "VENTAQUEMADA",
        "VILLA DE LEYVA",
        "VIRACACHÁ",
        "ZETAQUIRA",
        "ÚMBITA"
      ]
    },
    {
      "name": "CALDAS",
      "cities": [
        "AGUADAS",
        "ANSERMA",
        "ARANZAZU",
        "BELALCÁZAR",
        "CHINCHINÁ",
        "FILADELFIA",
        "LA DORADA",
        "LA MERCED",
        "MANIZALES",
        "MANZANARES",
        "MARMATO",
        "MARQUETALIA",
        "MARULANDA",
        "NEIRA",
        "NORCASIA",
        "PALESTINA",
        "PENSILVANIA",
        "PÁCORA",
        "RIOSUCIO",
        "RISARALDA",
        "SALAMINA",
        "SAMANÁ",
        "SAN JOSÉ",
        "SUPÍA",
        "VICTORIA",
        "VILLAMARÍA",
        "VITERBO"
      ]
    },
    {
      "name": "CAQUETÁ",
      "cities": [
        "ALBANIA",
        "BELÉN DE LOS ANDAQUÍES",
        "CARTAGENA DEL CHAIRÁ",
        "CURILLO",
        "EL DONCELLO",
        "EL PAUJÍL",
        "FLORENCIA",
        "LA MONTAÑITA",
        "MILÁN",
        "MORELIA",
        "PUERTO RICO",
        "SAN JOSÉ DEL FRAGUA",
        "SAN VICENTE DEL CAGUÁN",
        "SOLANO",
        "SOLITA",
        "VALPARAÍSO"
      ]
    },
    {
      "name": "CAUCA",
      "cities": [
        "ALMAGUER",
        "ARGELIA",
        "BALBOA",
        "BOLÍVAR",
        "BUENOS AIRES",
        "CAJIBÍO",
        "CALDONO",
        "CALOTO",
        "CORINTO",
        "EL TAMBO",
        "FLORENCIA",
        "GUACHENÉ",
        "GUAPI",
        "INZÁ",
        "JAMBALÓ",
        "LA SIERRA",
        "LA VEGA",
        "LÓPEZ DE MICAY",
        "MERCADERES",
        "MIRANDA",
        "MORALES",
        "PADILLA",
        "PATÍA",
        "PIAMONTE",
        "PIENDAMÓ - TUNÍA",
        "POPAYÁN",
        "PUERTO TEJADA",
        "PURACÉ",
        "PÁEZ",
        "ROSAS",
        "SAN SEBASTIÁN",
        "SANTA ROSA",
        "SANTANDER DE QUILICHAO",
        "SILVIA",
        "SOTARÁ PAISPAMBA",
        "SUCRE",
        "SUÁREZ",
        "TIMBIQUÍ",
        "TIMBÍO",
        "TORIBÍO",
        "TOTORÓ",
        "VILLA RICA"
      ]
    },
    {
      "name": "CESAR",
      "cities": [
        "AGUACHICA",
        "AGUSTÍN CODAZZI",
        "ASTREA",
        "BECERRIL",
        "BOSCONIA",
        "CHIMICHAGUA",
        "CHIRIGUANÁ",
        "CURUMANÍ",
        "EL COPEY",
        "EL PASO",
        "GAMARRA",
        "GONZÁLEZ",
        "LA GLORIA",
        "LA JAGUA DE IBIRICO",
        "LA PAZ",
        "MANAURE BALCÓN DEL CESAR",
        "PAILITAS",
        "PELAYA",
        "PUEBLO BELLO",
        "RÍO DE ORO",
        "SAN ALBERTO",
        "SAN DIEGO",
        "SAN MARTÍN",
        "TAMALAMEQUE",
        "VALLEDUPAR"
      ]
    },
    {
      "name": "CÓRDOBA",
      "cities": [
        "AYAPEL",
        "BUENAVISTA",
        "CANALETE",
        "CERETÉ",
        "CHIMÁ",
        "CHINÚ",
        "CIÉNAGA DE ORO",
        "COTORRA",
        "LA APARTADA",
        "LORICA",
        "LOS CÓRDOBAS",
        "MOMIL",
        "MONTELÍBANO",
        "MONTERÍA",
        "MOÑITOS",
        "PLANETA RICA",
        "PUEBLO NUEVO",
        "PUERTO ESCONDIDO",
        "PUERTO LIBERTADOR",
        "PURÍSIMA DE LA CONCEPCIÓN",
        "SAHAGÚN",
        "SAN ANDRÉS DE SOTAVENTO",
        "SAN ANTERO",
        "SAN BERNARDO DEL VIENTO",
        "SAN CARLOS",
        "SAN JOSÉ DE URÉ",
        "SAN PELAYO",
        "TIERRALTA",
        "TUCHÍN",
        "VALENCIA"
      ]
    },
    {
      "name": "CUNDINAMARCA",
      "cities": [
        "AGUA DE DIOS",
        "ALBÁN",
        "ANAPOIMA",
        "ANOLAIMA",
        "APULO",
        "ARBELÁEZ",
        "BELTRÁN",
        "BITUIMA",
        "BOJACÁ",
        "CABRERA",
        "CACHIPAY",
        "CAJICÁ",
        "CAPARRAPÍ",
        "CARMEN DE CARUPA",
        "CHAGUANÍ",
        "CHIPAQUE",
        "CHOACHÍ",
        "CHOCONTÁ",
        "CHÍA",
        "COGUA",
        "COTA",
        "CUCUNUBÁ",
        "CÁQUEZA",
        "EL COLEGIO",
        "EL PEÑÓN",
        "EL ROSAL",
        "FACATATIVÁ",
        "FOSCA",
        "FUNZA",
        "FUSAGASUGÁ",
        "FÓMEQUE",
        "FÚQUENE",
        "GACHALÁ",
        "GACHANCIPÁ",
        "GACHETÁ",
        "GAMA",
        "GIRARDOT",
        "GRANADA",
        "GUACHETÁ",
        "GUADUAS",
        "GUASCA",
        "GUATAQUÍ",
        "GUATAVITA",
        "GUAYABAL DE SÍQUIMA",
        "GUAYABETAL",
        "GUTIÉRREZ",
        "JERUSALÉN",
        "JUNÍN",
        "LA CALERA",
        "LA MESA",
        "LA PALMA",
        "LA PEÑA",
        "LA VEGA",
        "LENGUAZAQUE",
        "MACHETÁ",
        "MADRID",
        "MANTA",
        "MEDINA",
        "MOSQUERA",
        "NARIÑO",
        "NEMOCÓN",
        "NILO",
        "NIMAIMA",
        "NOCAIMA",
        "PACHO",
        "PAIME",
        "PANDI",
        "PARATEBUENO",
        "PASCA",
        "PUERTO SALGAR",
        "PULÍ",
        "QUEBRADANEGRA",
        "QUETAME",
        "QUIPILE",
        "RICAURTE",
        "SAN ANTONIO DEL TEQUENDAMA",
        "SAN BERNARDO",
        "SAN CAYETANO",
        "SAN FRANCISCO",
        "SAN JUAN DE RIOSECO",
        "SASAIMA",
        "SESQUILÉ",
        "SIBATÉ",
        "SILVANIA",
        "SIMIJACA",
        "SOACHA",
        "SOPÓ",
        "SUBACHOQUE",
        "SUESCA",
        "SUPATÁ",
        "SUSA",
        "SUTATAUSA",
        "TABIO",
        "TAUSA",
        "TENA",
        "TENJO",
        "TIBACUY",
        "TIBIRITA",
        "TOCAIMA",
        "TOCANCIPÁ",
        "TOPAIPÍ",
        "UBALÁ",
        "UBAQUE",
        "UNE",
        "VENECIA",
        "VERGARA",
        "VIANÍ",
        "VILLA DE SAN DIEGO DE UBATÉ",
        "VILLAGÓMEZ",
        "VILLAPINZÓN",
        "VILLETA",
        "VIOTÁ",
        "YACOPÍ",
        "ZIPACÓN",
        "ZIPAQUIRÁ",
        "ÚTICA"
      ]
    },
    {
      "name": "CHOCÓ",
      "cities": [
        "ACANDÍ",
        "ALTO BAUDÓ",
        "ATRATO",
        "BAGADÓ",
        "BAHÍA SOLANO",
        "BAJO BAUDÓ",
        "BOJAYÁ",
        "CARMEN DEL DARIÉN",
        "CONDOTO",
        "CÉRTEGUI",
        "EL CANTÓN DEL SAN PABLO",
        "EL CARMEN DE ATRATO",
        "EL LITORAL DEL SAN JUAN",
        "ISTMINA",
        "JURADÓ",
        "LLORÓ",
        "MEDIO ATRATO",
        "MEDIO BAUDÓ",
        "MEDIO SAN JUAN",
        "NUEVO BELÉN DE BAJIRÁ",
        "NUQUÍ",
        "NÓVITA",
        "QUIBDÓ",
        "RIOSUCIO",
        "RÍO IRÓ",
        "RÍO QUITO",
        "SAN JOSÉ DEL PALMAR",
        "SIPÍ",
        "TADÓ",
        "UNGUÍA",
        "UNIÓN PANAMERICANA"
      ]
    },
    {
      "name": "HUILA",
      "cities": [
        "ACEVEDO",
        "AGRADO",
        "AIPE",
        "ALGECIRAS",
        "ALTAMIRA",
        "BARAYA",
        "CAMPOALEGRE",
        "COLOMBIA",
        "ELÍAS",
        "GARZÓN",
        "GIGANTE",
        "GUADALUPE",
        "HOBO",
        "ISNOS",
        "LA ARGENTINA",
        "LA PLATA",
        "NEIVA",
        "NÁTAGA",
        "OPORAPA",
        "PAICOL",
        "PALERMO",
        "PALESTINA",
        "PITAL",
        "PITALITO",
        "RIVERA",
        "SALADOBLANCO",
        "SAN AGUSTÍN",
        "SANTA MARÍA",
        "SUAZA",
        "TARQUI",
        "TELLO",
        "TERUEL",
        "TESALIA",
        "TIMANÁ",
        "VILLAVIEJA",
        "YAGUARÁ",
        "ÍQUIRA"
      ]
    },
    {
      "name": "LA GUAJIRA",
      "cities": [
        "ALBANIA",
        "BARRANCAS",
        "DIBULLA",
        "DISTRACCIÓN",
        "EL MOLINO",
        "FONSECA",
        "HATONUEVO",
        "LA JAGUA DEL PILAR",
        "MAICAO",
        "MANAURE",
        "RIOHACHA",
        "SAN JUAN DEL CESAR",
        "URIBIA",
        "URUMITA",
        "VILLANUEVA"
      ]
    },
    {
      "name": "MAGDALENA",
      "cities": [
        "ALGARROBO",
        "ARACATACA",
        "ARIGUANÍ",
        "CERRO DE SAN ANTONIO",
        "CHIVOLO",
        "CIÉNAGA",
        "CONCORDIA",
        "EL BANCO",
        "EL PIÑÓN",
        "EL RETÉN",
        "FUNDACIÓN",
        "GUAMAL",
        "NUEVA GRANADA",
        "PEDRAZA",
        "PIJIÑO DEL CARMEN",
        "PIVIJAY",
        "PLATO",
        "PUEBLOVIEJO",
        "REMOLINO",
        "SABANAS DE SAN ÁNGEL",
        "SALAMINA",
        "SAN SEBASTIÁN DE BUENAVISTA",
        "SAN ZENÓN",
        "SANTA ANA",
        "SANTA BÁRBARA DE PINTO",
        "SANTA MARTA",
        "SITIONUEVO",
        "TENERIFE",
        "ZAPAYÁN",
        "ZONA BANANERA"
      ]
    },
    {
      "name": "META",
      "cities": [
        "ACACÍAS",
        "BARRANCA DE UPÍA",
        "CABUYARO",
        "CASTILLA LA NUEVA",
        "CUBARRAL",
        "CUMARAL",
        "EL CALVARIO",
        "EL CASTILLO",
        "EL DORADO",
        "FUENTE DE ORO",
        "GRANADA",
        "GUAMAL",
        "LA MACARENA",
        "LEJANÍAS",
        "MAPIRIPÁN",
        "MESETAS",
        "PUERTO CONCORDIA",
        "PUERTO GAITÁN",
        "PUERTO LLERAS",
        "PUERTO LÓPEZ",
        "PUERTO RICO",
        "RESTREPO",
        "SAN CARLOS DE GUAROA",
        "SAN JUAN DE ARAMA",
        "SAN JUANITO",
        "SAN MARTÍN",
        "URIBE",
        "VILLAVICENCIO",
        "VISTAHERMOSA"
      ]
    },
    {
      "name": "NARIÑO",
      "cities": [
        "ALBÁN",
        "ALDANA",
        "ANCUYA",
        "ARBOLEDA",
        "BARBACOAS",
        "BELÉN",
        "BUESACO",
        "CHACHAGÜÍ",
        "COLÓN",
        "CONSACÁ",
        "CONTADERO",
        "CUASPUD CARLOSAMA",
        "CUMBAL",
        "CUMBITARA",
        "CÓRDOBA",
        "EL CHARCO",
        "EL PEÑOL",
        "EL ROSARIO",
        "EL TABLÓN DE GÓMEZ",
        "EL TAMBO",
        "FRANCISCO PIZARRO",
        "FUNES",
        "GUACHUCAL",
        "GUAITARILLA",
        "GUALMATÁN",
        "ILES",
        "IMUÉS",
        "IPIALES",
        "LA CRUZ",
        "LA FLORIDA",
        "LA LLANADA",
        "LA TOLA",
        "LA UNIÓN",
        "LEIVA",
        "LINARES",
        "LOS ANDES",
        "MAGÜÍ",
        "MALLAMA",
        "MOSQUERA",
        "NARIÑO",
        "OLAYA HERRERA",
        "OSPINA",
        "PASTO",
        "POLICARPA",
        "POTOSÍ",
        "PROVIDENCIA",
        "PUERRES",
        "PUPIALES",
        "RICAURTE",
        "ROBERTO PAYÁN",
        "SAMANIEGO",
        "SAN ANDRÉS DE TUMACO",
        "SAN BERNARDO",
        "SAN LORENZO",
        "SAN PABLO",
        "SAN PEDRO DE CARTAGO",
        "SANDONÁ",
        "SANTA BÁRBARA",
        "SANTACRUZ",
        "SAPUYES",
        "TAMINANGO",
        "TANGUA",
        "TÚQUERRES",
        "YACUANQUER"
      ]
    },
    {
      "name": "NORTE DE SANTANDER",
      "cities": [
        "ARBOLEDAS",
        "BOCHALEMA",
        "BUCARASICA",
        "CHINÁCOTA",
        "CHITAGÁ",
        "CONVENCIÓN",
        "CUCUTILLA",
        "CÁCHIRA",
        "CÁCOTA",
        "DURANIA",
        "EL CARMEN",
        "EL TARRA",
        "EL ZULIA",
        "GRAMALOTE",
        "HACARÍ",
        "HERRÁN",
        "LA ESPERANZA",
        "LA PLAYA",
        "LABATECA",
        "LOS PATIOS",
        "LOURDES",
        "MUTISCUA",
        "OCAÑA",
        "PAMPLONA",
        "PAMPLONITA",
        "PUERTO SANTANDER",
        "RAGONVALIA",
        "SALAZAR",
        "SAN CALIXTO",
        "SAN CAYETANO",
        "SAN JOSÉ DE CÚCUTA",
        "SANTIAGO",
        "SARDINATA",
        "SILOS",
        "TEORAMA",
        "TIBÚ",
        "TOLEDO",
        "VILLA CARO",
        "VILLA DEL ROSARIO",
        "ÁBREGO"
      ]
    },
    {
      "name": "QUINDÍO",
      "cities": [
        "ARMENIA",
        "BUENAVISTA",
        "CALARCÁ",
        "CIRCASIA",
        "CÓRDOBA",
        "FILANDIA",
        "GÉNOVA",
        "LA TEBAIDA",
        "MONTENEGRO",
        "PIJAO",
        "QUIMBAYA",
        "SALENTO"
      ]
    },
    {
      "name": "RISARALDA",
      "cities": [
        "APÍA",
        "BALBOA",
        "BELÉN DE UMBRÍA",
        "DOSQUEBRADAS",
        "GUÁTICA",
        "LA CELIA",
        "LA VIRGINIA",
        "MARSELLA",
        "MISTRATÓ",
        "PEREIRA",
        "PUEBLO RICO",
        "QUINCHÍA",
        "SANTA ROSA DE CABAL",
        "SANTUARIO"
      ]
    },
    {
      "name": "SANTANDER",
      "cities": [
        "AGUADA",
        "ALBANIA",
        "ARATOCA",
        "BARBOSA",
        "BARICHARA",
        "BARRANCABERMEJA",
        "BETULIA",
        "BOLÍVAR",
        "BUCARAMANGA",
        "CABRERA",
        "CALIFORNIA",
        "CAPITANEJO",
        "CARCASÍ",
        "CEPITÁ",
        "CERRITO",
        "CHARALÁ",
        "CHARTA",
        "CHIMA",
        "CHIPATÁ",
        "CIMITARRA",
        "CONCEPCIÓN",
        "CONFINES",
        "CONTRATACIÓN",
        "COROMORO",
        "CURITÍ",
        "EL CARMEN DE CHUCURÍ",
        "EL GUACAMAYO",
        "EL PEÑÓN",
        "EL PLAYÓN",
        "ENCINO",
        "ENCISO",
        "FLORIDABLANCA",
        "FLORIÁN",
        "GALÁN",
        "GIRÓN",
        "GUACA",
        "GUADALUPE",
        "GUAPOTÁ",
        "GUAVATÁ",
        "GÁMBITA",
        "GÜEPSA",
        "HATO",
        "JESÚS MARÍA",
        "JORDÁN",
        "LA BELLEZA",
        "LA PAZ",
        "LANDÁZURI",
        "LEBRIJA",
        "LOS SANTOS",
        "MACARAVITA",
        "MATANZA",
        "MOGOTES",
        "MOLAGAVITA",
        "MÁLAGA",
        "OCAMONTE",
        "OIBA",
        "ONZAGA",
        "PALMAR",
        "PALMAS DEL SOCORRO",
        "PIEDECUESTA",
        "PINCHOTE",
        "PUENTE NACIONAL",
        "PUERTO PARRA",
        "PUERTO WILCHES",
        "PÁRAMO",
        "RIONEGRO",
        "SABANA DE TORRES",
        "SAN ANDRÉS",
        "SAN BENITO",
        "SAN GIL",
        "SAN JOAQUÍN",
        "SAN JOSÉ DE MIRANDA",
        "SAN MIGUEL",
        "SAN VICENTE DE CHUCURÍ",
        "SANTA BÁRBARA",
        "SANTA HELENA DEL OPÓN",
        "SIMACOTA",
        "SOCORRO",
        "SUAITA",
        "SUCRE",
        "SURATÁ",
        "TONA",
        "VALLE DE SAN JOSÉ",
        "VETAS",
        "VILLANUEVA",
        "VÉLEZ",
        "ZAPATOCA"
      ]
    },
    {
      "name": "SUCRE",
      "cities": [
        "BUENAVISTA",
        "CAIMITO",
        "CHALÁN",
        "COLOSÓ",
        "COROZAL",
        "COVEÑAS",
        "EL ROBLE",
        "GALERAS",
        "GUARANDA",
        "LA UNIÓN",
        "LOS PALMITOS",
        "MAJAGUAL",
        "MORROA",
        "OVEJAS",
        "PALMITO",
        "SAMPUÉS",
        "SAN BENITO ABAD",
        "SAN JOSÉ DE TOLUVIEJO",
        "SAN JUAN DE BETULIA",
        "SAN LUIS DE SINCÉ",
        "SAN MARCOS",
        "SAN ONOFRE",
        "SAN PEDRO",
        "SANTIAGO DE TOLÚ",
        "SINCELEJO",
        "SUCRE"
      ]
    },
    {
      "name": "TOLIMA",
      "cities": [
        "ALPUJARRA",
        "ALVARADO",
        "AMBALEMA",
        "ANZOÁTEGUI",
        "ARMERO",
        "ATACO",
        "CAJAMARCA",
        "CARMEN DE APICALÁ",
        "CASABIANCA",
        "CHAPARRAL",
        "COELLO",
        "COYAIMA",
        "CUNDAY",
        "DOLORES",
        "ESPINAL",
        "FALAN",
        "FLANDES",
        "FRESNO",
        "GUAMO",
        "HERVEO",
        "HONDA",
        "IBAGUÉ",
        "ICONONZO",
        "LÉRIDA",
        "LÍBANO",
        "MELGAR",
        "MURILLO",
        "NATAGAIMA",
        "ORTEGA",
        "PALOCABILDO",
        "PIEDRAS",
        "PLANADAS",
        "PRADO",
        "PURIFICACIÓN",
        "RIOBLANCO",
        "RONCESVALLES",
        "ROVIRA",
        "SALDAÑA",
        "SAN ANTONIO",
        "SAN LUIS",
        "SAN SEBASTIÁN DE MARIQUITA",
        "SANTA ISABEL",
        "SUÁREZ",
        "VALLE DE SAN JUAN",
        "VENADILLO",
        "VILLAHERMOSA",
        "VILLARRICA"
      ]
    },
    {
      "name": "VALLE DEL CAUCA",
      "cities": [
        "ALCALÁ",
        "ANDALUCÍA",
        "ANSERMANUEVO",
        "ARGELIA",
        "BOLÍVAR",
        "BUENAVENTURA",
        "BUGALAGRANDE",
        "CAICEDONIA",
        "CALIMA",
        "CANDELARIA",
        "CARTAGO",
        "DAGUA",
        "EL CAIRO",
        "EL CERRITO",
        "EL DOVIO",
        "EL ÁGUILA",
        "FLORIDA",
        "GINEBRA",
        "GUACARÍ",
        "GUADALAJARA DE BUGA",
        "JAMUNDÍ",
        "LA CUMBRE",
        "LA UNIÓN",
        "LA VICTORIA",
        "OBANDO",
        "PALMIRA",
        "PRADERA",
        "RESTREPO",
        "RIOFRÍO",
        "ROLDANILLO",
        "SAN PEDRO",
        "SANTIAGO DE CALI",
        "SEVILLA",
        "TORO",
        "TRUJILLO",
        "TULUÁ",
        "ULLOA",
        "VERSALLES",
        "VIJES",
        "YOTOCO",
        "YUMBO",
        "ZARZAL"
      ]
    },
    {
      "name": "ARAUCA",
      "cities": [
        "ARAUCA",
        "ARAUQUITA",
        "CRAVO NORTE",
        "FORTUL",
        "PUERTO RONDÓN",
        "SARAVENA",
        "TAME"
      ]
    },
    {
      "name": "CASANARE",
      "cities": [
        "AGUAZUL",
        "CHÁMEZA",
        "HATO COROZAL",
        "LA SALINA",
        "MANÍ",
        "MONTERREY",
        "NUNCHÍA",
        "OROCUÉ",
        "PAZ DE ARIPORO",
        "PORE",
        "RECETOR",
        "SABANALARGA",
        "SAN LUIS DE PALENQUE",
        "SÁCAMA",
        "TAURAMENA",
        "TRINIDAD",
        "TÁMARA",
        "VILLANUEVA",
        "YOPAL"
      ]
    },
    {
      "name": "PUTUMAYO",
      "cities": [
        "COLÓN",
        "MOCOA",
        "ORITO",
        "PUERTO ASÍS",
        "PUERTO CAICEDO",
        "PUERTO GUZMÁN",
        "PUERTO LEGUÍZAMO",
        "SAN FRANCISCO",
        "SAN MIGUEL",
        "SANTIAGO",
        "SIBUNDOY",
        "VALLE DEL GUAMUEZ",
        "VILLAGARZÓN"
      ]
    },
    {
      "name": "ARCHIPIÉLAGO DE SAN ANDRÉS, PROVIDENCIA Y SANTA CATALINA",
      "cities": [
        "PROVIDENCIA",
        "SAN ANDRÉS"
      ]
    },
    {
      "name": "AMAZONAS",
      "cities": [
        "EL ENCANTO",
        "LA CHORRERA",
        "LA PEDRERA",
        "LA VICTORIA",
        "LETICIA",
        "MIRITÍ - PARANÁ",
        "PUERTO ALEGRÍA",
        "PUERTO ARICA",
        "PUERTO NARIÑO",
        "PUERTO SANTANDER",
        "TARAPACÁ"
      ]
    },
    {
      "name": "GUAINÍA",
      "cities": [
        "BARRANCOMINAS",
        "CACAHUAL",
        "INÍRIDA",
        "LA GUADALUPE",
        "MORICHAL",
        "PANA PANA",
        "PUERTO COLOMBIA",
        "SAN FELIPE"
      ]
    },
    {
      "name": "GUAVIARE",
      "cities": [
        "CALAMAR",
        "EL RETORNO",
        "MIRAFLORES",
        "SAN JOSÉ DEL GUAVIARE"
      ]
    },
    {
      "name": "VAUPÉS",
      "cities": [
        "CARURÚ",
        "MITÚ",
        "PACOA",
        "PAPUNAHUA",
        "TARAIRA",
        "YAVARATÉ"
      ]
    },
    {
      "name": "VICHADA",
      "cities": [
        "CUMARIBO",
        "LA PRIMAVERA",
        "PUERTO CARREÑO",
        "SANTA ROSALÍA"
      ]
    },
    {
      "name": "nan",
      "cities": [
        "nan"
      ]
    }
  ]
}